{
  "mom_12_1": {
    "mean_ic": 0.010304726144151155,
    "ic_std": 0.27066907868983053,
    "ic_ir": 0.0380713090465709,
    "pct_positive": 0.52292303417616,
    "n_days": 3599
  },
  "mom_6_1": {
    "mean_ic": 0.00796280590673042,
    "ic_std": 0.25082167009223805,
    "ic_ir": 0.03174688177382022,
    "pct_positive": 0.5176342919153554,
    "n_days": 3686
  },
  "mom_3_1": {
    "mean_ic": 0.0017867665503786961,
    "ic_std": 0.23524083359809114,
    "ic_ir": 0.0075954778898266705,
    "pct_positive": 0.5128686327077748,
    "n_days": 3730
  },
  "low_vol": {
    "mean_ic": -0.005884025067966586,
    "ic_std": 0.3086598170072106,
    "ic_ir": -0.019063139235351547,
    "pct_positive": 0.48026128940641866,
    "n_days": 3521
  },
  "trend": {
    "mean_ic": 0.0030334687360121706,
    "ic_std": 0.2729881112204799,
    "ic_ir": 0.0111120910081032,
    "pct_positive": 0.5089535534415222,
    "n_days": 3574
  },
  "liquidity": {
    "mean_ic": -0.0058872169589893365,
    "ic_std": 0.2093514183806524,
    "ic_ir": -0.028121218401706394,
    "pct_positive": 0.4864144912093767,
    "n_days": 3754
  },
  "quality_proxy": {
    "mean_ic": 0.009762499230663777,
    "ic_std": 0.2641923664055438,
    "ic_ir": 0.03695223811152071,
    "pct_positive": 0.5268389662027833,
    "n_days": 3521
  }
}