{
  "cagr": 0.15546498580907775,
  "sharpe": 0.7027750364944101,
  "sortino": 1.061348849186668,
  "max_drawdown": -0.5554376894754618,
  "hit_rate": 0.5172694026818366,
  "avg_turnover": 0.9692090395480224,
  "avg_gross_leverage": 2.0,
  "avg_net_exposure": 2.8226009100639575e-18
}