{
  "cagr": -0.000723582507542786,
  "sharpe": -0.33771182659510296,
  "sortino": -0.30385485192126493,
  "max_drawdown": -0.012860712128573759,
  "hit_rate": 0.5123933360422592,
  "avg_turnover": 0.0018644072902009863,
  "avg_gross_leverage": 0.002372883651895599,
  "avg_net_exposure": -1.48691015748707e-11
}